ENTITY_ID,settled_amount
le_3txji202bhmy,-45881155.0
le_37abtnwacsew4,-41611707.14137936
le_3rb0198ns9nwt,-31753351.385421693
le_3drtuhu24p3e,-28414700.750031948
le_ave8ahvo9v42,-27746780.799995422
le_110wg7k6hh4ym,-13447517.989266621
le_3h97eul427pbv,-12529316.730445147
le_29xx6lyftb4dz,-10458477.49925363
le_bvv5gr9sausn,-9749290.206453085
le_6ldgasxk1red,-8313764.842370033
